unit,cycles_to_failure,flagged_readings
1,192,0
2,287,19
3,179,18
4,189,15
5,269,19
6,188,0
7,259,7
8,150,0
9,201,39
10,222,13
11,240,13
12,170,0
13,163,0
14,180,0
15,207,11
16,209,0
17,276,24
18,195,24
19,158,0
20,234,0
21,195,6
22,202,0
23,168,0
24,147,2
25,230,0
26,199,3
27,156,1
28,165,9
29,163,1
30,194,11
31,234,14
32,191,0
33,200,18
34,195,8
35,181,0
36,158,0
37,170,0
38,194,4
39,128,0
40,188,0
41,216,9
42,196,4
43,207,6
44,192,5
45,158,5
46,256,10
47,214,9
48,231,37
49,215,0
50,198,1
51,213,35
52,213,1
53,195,10
54,257,10
55,193,14
56,275,2
57,137,2
58,147,0
59,231,12
60,172,0
61,185,11
62,180,0
63,174,9
64,283,1
65,153,5
66,202,1
67,313,1
68,199,7
69,362,4
70,137,0
71,208,3
72,213,3
73,213,0
74,166,3
75,229,0
76,210,0
77,154,1
78,231,21
79,199,11
80,185,4
81,240,1
82,214,29
83,293,16
84,267,0
85,188,1
86,278,1
87,178,0
88,213,2
89,217,5
90,154,3
91,135,0
92,341,1
93,155,3
94,258,0
95,283,18
96,336,4
97,202,19
98,156,3
99,185,3
100,200,2
